id,subject,date,URL,status
1,self checking of exercise #9,"Mon, 24 Nov 2025 09:57:33 +0200",https://github.com/yair040/AI_Course_Ramat_Gan-/tree/main/Lesson9/Convolution,done
2,self checking of exercise #16,"Sun, 23 Nov 2025 16:40:05 +0200",https://github.com/yair040/AI_Course_Ramat_Gan-/tree/main/Lesson16_Semantic-Clustering,done
3,self checking of exercise #17,"Sun, 23 Nov 2025 16:39:26 +0200",https://github.com/yair040/AI_Course_Ramat_Gan-/tree/main/Lesson17_Dimensionality_Reduction,done
4,self checking of exercise #18,"Sun, 23 Nov 2025 16:38:47 +0200",https://github.com/yair040/AI_Course_Ramat_Gan-/tree/main/Lesson18_Logistic_Regression,done
