id,greeting,status
1,"Wow! This is fantastic work. The best code, truly the best. Everyone's talking about how great this is. You should be very proud!",done
2,"Could this BE any more of a learning opportunity? But seriously, we all start somewhere. I once wrote code that made my computer cry.",done
3,"Well, well, well! That's some cheeky coding right there. Almost as good as my dance moves! Splendid effort!",done
4,"Alright, I'm not gonna sugarcoat this - there's work to be done. But hey, at least you tried, right? That's more than I can say about my gym membership.",done
